userLogonId,firstName,lastName,mobile,mail
uid=abhimanyu,dc=innefu,dc=com~abhimanyu~yadav~9999999999~abhimanyu@innefu.com
uid=tushar,dc=innefu,dc=com~tushar~~8888888888~tushar@innefu.com
uid=saurabh,dc=innefu,dc=com~saurabh~tiwari~7777777777~saurabh.tiwari@innefu.com
uid=vikash,dc=innefu,dc=com~vikash~yadav~6666666666~vikash.yadav@innefu.com
uid=puneet,dc=innefu,dc=com~puneet~vats~5555555555~puneet.vats@innefu.com
uid=shubham,dc=innefu,dc=com~shubham~srivastav~4444444444~shubham.srivastav@innefu.com 